{
  "model_key": "naive_bayes_tfidf",
  "metrics": {
    "accuracy": 0.8666666666666667,
    "precision_weighted": 0.8833333333333333,
    "recall_weighted": 0.8666666666666667,
    "f1_weighted": 0.8647619047619047,
    "precision_macro": 0.8833333333333332,
    "recall_macro": 0.8666666666666666,
    "f1_macro": 0.8647619047619047,
    "classification_report": {
      "0": {
        "precision": 0.75,
        "recall": 1.0,
        "f1-score": 0.8571428571428571,
        "support": 3.0
      },
      "1": {
        "precision": 1.0,
        "recall": 1.0,
        "f1-score": 1.0,
        "support": 3.0
      },
      "2": {
        "precision": 0.6666666666666666,
        "recall": 0.6666666666666666,
        "f1-score": 0.6666666666666666,
        "support": 3.0
      },
      "3": {
        "precision": 1.0,
        "recall": 1.0,
        "f1-score": 1.0,
        "support": 3.0
      },
      "4": {
        "precision": 1.0,
        "recall": 0.6666666666666666,
        "f1-score": 0.8,
        "support": 3.0
      },
      "accuracy": 0.8666666666666667,
      "macro avg": {
        "precision": 0.8833333333333332,
        "recall": 0.8666666666666666,
        "f1-score": 0.8647619047619047,
        "support": 15.0
      },
      "weighted avg": {
        "precision": 0.8833333333333333,
        "recall": 0.8666666666666667,
        "f1-score": 0.8647619047619047,
        "support": 15.0
      }
    },
    "confusion_matrix": [
      [
        3,
        0,
        0,
        0,
        0
      ],
      [
        0,
        3,
        0,
        0,
        0
      ],
      [
        1,
        0,
        2,
        0,
        0
      ],
      [
        0,
        0,
        0,
        3,
        0
      ],
      [
        0,
        0,
        1,
        0,
        2
      ]
    ],
    "roc_auc": 0.9944444444444444,
    "cv_scores": [
      0.9087301587301586,
      0.9166666666666666,
      0.8198412698412697,
      0.5916666666666667,
      0.7555555555555555
    ],
    "cv_mean": 0.7984920634920634,
    "cv_std": 0.1193262348142301
  },
  "classes": [
    "important",
    "otp",
    "personal",
    "promotion",
    "spam"
  ]
}